{
    "train_loss_list": [
        0.008856982583686513,
        0.004958666241132371,
        0.002963565348398576,
        0.002358385159132157,
        0.002068394885222528,
        0.001887282822622162,
        0.0017556803002353868,
        0.0016573477729482575,
        0.001576790339410786,
        0.0015098866045827129,
        0.0014568606107704613,
        0.0014096785845663564,
        0.0013713375929482155,
        0.001340502724540299,
        0.0013095676318265164,
        0.0012818934750874794,
        0.0012630550968483474,
        0.0012415331603275986,
        0.001217157292692886,
        0.0011971759920508388,
        0.0011790430958308609,
        0.0011632069759149029,
        0.0011509738708584808,
        0.0011354478497000177,
        0.0011238765723380632,
        0.0011117117100711861,
        0.0010988787300447056,
        0.0010890782562818868,
        0.0010784946964477605,
        0.001069345706663139,
        0.0010372179023119194,
        0.0010324935337587841,
        0.001029467352209536,
        0.0010281940829456433,
        0.0010271996133327018,
        0.0010252814654753675,
        0.0010239780280671715,
        0.0010229337023510599,
        0.001021915151079566,
        0.0010205168147820911,
        0.0010177424307051463,
        0.001017392123065324,
        0.0010168997669880394,
        0.0010168950538940189,
        0.0010170490392573293,
        0.0010167174781007629,
        0.0010167105256512746,
        0.0010160091148752198,
        0.0010165707208535915,
        0.0010161752921768127
    ],
    "train_class_acc_list": [
        0.6659128558355605,
        0.9617599938968568,
        0.983901052792188,
        0.9904428593225512,
        0.9932064388159902,
        0.994518614586512,
        0.9953234665852915,
        0.9958574916081782,
        0.9963075984131828,
        0.9969179127250534,
        0.997108635947513,
        0.9974309581934696,
        0.9975816295392127,
        0.9977494659749772,
        0.9978200335672871,
        0.9980344609622006,
        0.9980164784864205,
        0.9982205523344523,
        0.9983330790357033,
        0.9983845743057674,
        0.9985085444003662,
        0.9986428680418467,
        0.9987297833384193,
        0.9987870003051571,
        0.9988060726274031,
        0.9987984436985047,
        0.9989128776319804,
        0.9989624656698199,
        0.999052105584376,
        0.9990883429966433,
        0.9994793256026854,
        0.9995537076594446,
        0.9995956667683857,
        0.9996147390906317,
        0.9995842233750382,
        0.9996090173939579,
        0.9996299969484285,
        0.9996071101617333,
        0.9996814922184926,
        0.9996528837351236,
        0.9996566981995728,
        0.9996395331095514,
        0.9996738632895942,
        0.9996662343606958,
        0.9996395331095514,
        0.9996776777540434,
        0.9996338114128777,
        0.9996757705218188,
        0.999689121147391,
        0.9996395331095514
    ],
    "train_f1score_list": [
        0.5797109779839356,
        0.9401387635273621,
        0.974482116288449,
        0.9849580471079026,
        0.9892101147008886,
        0.9913587455460117,
        0.9924820078590967,
        0.9933551132693841,
        0.9941404405341,
        0.9951546186099938,
        0.9953426349875403,
        0.9958618664158081,
        0.9960826964482598,
        0.9964098489211995,
        0.9965448946730948,
        0.9968190320776092,
        0.9966815529701216,
        0.9971276818517393,
        0.9973068250956639,
        0.9973594044020535,
        0.9975817416417984,
        0.997848623236246,
        0.9979585316166181,
        0.9980086302293363,
        0.9980849891216566,
        0.9980303113061718,
        0.9981949593905789,
        0.9982879312954707,
        0.9983255518457663,
        0.9984933523053955,
        0.999158177622413,
        0.9992998008281074,
        0.9992760171945688,
        0.999328599391686,
        0.9992933303427286,
        0.9993192425606636,
        0.999405519161324,
        0.999310813824113,
        0.9994987370099273,
        0.9994192663206041,
        0.999434783275608,
        0.9993933204134355,
        0.9994377394518471,
        0.9994898422571239,
        0.9993894503140742,
        0.9994310821201494,
        0.9994404126838656,
        0.9994376343128739,
        0.9994909274176441,
        0.9993895494665213
    ],
    "train_PCK_acc_list": [
        0.0418786430952882,
        0.38089165767659244,
        0.6585620449450102,
        0.7363180508085214,
        0.7750039579793709,
        0.799723817529836,
        0.8174656982614787,
        0.8307494705999063,
        0.8412891623310468,
        0.8498435540021861,
        0.8567123064137137,
        0.8624158727582041,
        0.8675108939843849,
        0.8713393719078042,
        0.8752252091944841,
        0.8788290084676106,
        0.8812926817423136,
        0.8838090690744955,
        0.8867756937847162,
        0.8891457099861673,
        0.8914863213577696,
        0.8933433686153678,
        0.8948528124555856,
        0.8968054654263242,
        0.8981676630658694,
        0.8998211665098125,
        0.9012923493290828,
        0.9022936402254281,
        0.9036539025177167,
        0.9049267807821542,
        0.9082590754536802,
        0.9087234301106389,
        0.909164569360066,
        0.9092807282525933,
        0.909556487942953,
        0.9096813954483991,
        0.9099591096742699,
        0.9100223069907806,
        0.9101048629505207,
        0.910285810108577,
        0.910672563129587,
        0.9107182722588543,
        0.9107856683356752,
        0.9108265767958015,
        0.9108324170228231,
        0.9107496036034745,
        0.9107948313180733,
        0.9107911457399432,
        0.9107502645541645,
        0.9107936152658028
    ],
    "val_loss_list": [
        0.006354814374781385,
        0.0036765850848537317,
        0.0025236483377271465,
        0.002163248662266652,
        0.0019970386535195367,
        0.0018148121243456797,
        0.0017000484386725085,
        0.0016455453924112478,
        0.0015973760006113016,
        0.0015260827905327387,
        0.0014763853388211252,
        0.0015027619572356343,
        0.0014151060882461619,
        0.0013840727607377483,
        0.0020130523764623365,
        0.005841021795605062,
        0.0012649933492517745,
        0.0012737069817316928,
        0.0012298704941319872,
        0.0012028684560209512,
        0.0011986707202729066,
        0.0016797316355193605,
        0.0012050209986045957,
        0.0011525625627658957,
        0.0011443455142862336,
        0.0011317879048993393,
        0.001128305261717083,
        0.0011122324670265829,
        0.0011168874058948488,
        0.0011116420257627508,
        0.0010769353943344737,
        0.0010845248935249996,
        0.0010714597309160294,
        0.0010882405281941198,
        0.0010713422108840729,
        0.0010707190729278538,
        0.0010766278987997496,
        0.001065103132467793,
        0.0010634340395751808,
        0.0010634401100402583,
        0.0010657814161243791,
        0.0010674807398427962,
        0.0010622940531323608,
        0.0010649324538262218,
        0.0010619180786366365,
        0.0010622890770188248,
        0.0010842347534240357,
        0.0010721865354809074,
        0.0010597312488897267,
        0.0010672700049697745
    ],