{
    "train_loss_list": [
        0.008745242569505767,
        0.004830548539217749,
        0.0028615072420163055,
        0.00224998122602525,
        0.001970790783169307,
        0.0017960588636600347,
        0.0016683999345352806,
        0.0015871784475326213,
        0.0014977170661784399,
        0.0014355003867306323,
        0.0013873203468432569,
        0.001341200144736248,
        0.0013021394443934965,
        0.0012697236303194305,
        0.0012441479059174681,
        0.0012153124249448472,
        0.0011917975982177922,
        0.0011711124208624206,
        0.0011503005550464068,
        0.0011329912807980565,
        0.0011201337970266625,
        0.0011014483265186835,
        0.001088824402810912,
        0.0010746306166907406,
        0.0010605467486172245,
        0.0010490448221112132,
        0.001038235253585502,
        0.0010281904852823466,
        0.0010208222245599143,
        0.0010080952919891168,
        0.0009754916543797793,
        0.0009702358817270859,
        0.0009672309245098852,
        0.0009658287051912519,
        0.000964394168819417,
        0.0009624935396775594,
        0.0009611089583707994,
        0.0009601041769785343,
        0.000959086683843095,
        0.0009578215571186884,
        0.0009548424725388943,
        0.0009547988228182439,
        0.000954088918437859,
        0.000953876269592764,
        0.0009541769874920778,
        0.0009540085843522675,
        0.0009539601431677398,
        0.0009534729406141543,
        0.0009536809306544856,
        0.0009533636558213779
    ],
    "train_class_acc_list": [
        0.6747013819264973,
        0.9773497101007018,
        0.9887110924626182,
        0.9926628776319805,
        0.9942802105584376,
        0.9952052181873665,
        0.995967021230739,
        0.996301876716509,
        0.9967882209337809,
        0.9972059047909674,
        0.9972772897690362,
        0.9975930729325603,
        0.9978028684772657,
        0.9978524565151052,
        0.9979287458040891,
        0.9982434391211474,
        0.998283490997864,
        0.9982224595666769,
        0.9984532346658529,
        0.9984627708269759,
        0.9985218950259384,
        0.9986554012816601,
        0.9986725663716814,
        0.9986763808361306,
        0.9987831858407079,
        0.9988785474519377,
        0.998834681110772,
        0.9989681873664937,
        0.9988232377174244,
        0.9990215898687824,
        0.9994297375648459,
        0.9994926762282575,
        0.9995498931949954,
        0.9995556148916692,
        0.999570872749466,
        0.9995746872139152,
        0.9995842233750382,
        0.9995651510527922,
        0.9995746872139152,
        0.9995575221238938,
        0.9996338114128777,
        0.9996128318584071,
        0.9996204607873055,
        0.9996071101617333,
        0.9996299969484285,
        0.9996071101617333,
        0.9995727799816906,
        0.9996338114128777,
        0.9996032956972841,
        0.9995632438205676
    ],
    "train_f1score_list": [
        0.5957529146060603,
        0.9639575008675736,
        0.9819826391757653,
        0.9883437436613178,
        0.9908859784119188,
        0.9922188645334579,
        0.9934251441108612,
        0.9940259680314292,
        0.9947925249352108,
        0.9955073569636333,
        0.9955913080903903,
        0.9960319365484832,
        0.99649326845465,
        0.996477654768122,
        0.9967016458345633,
        0.9970761711148041,
        0.9970910036164642,
        0.997019131820463,
        0.9974445406929284,
        0.9974684955161927,
        0.9975451965971405,
        0.9978237899765491,
        0.9978604663501545,
        0.9976744951893891,
        0.9979969772458995,
        0.998156775326179,
        0.9980198506380731,
        0.9982644305550858,
        0.9980739441424754,
        0.9983773802518806,
        0.9990242839655272,
        0.999191054489293,
        0.999247064451599,
        0.9992311298910649,
        0.9992740801777739,
        0.9992844206726621,
        0.9993178685334486,
        0.9992165018377983,
        0.9993081491463209,
        0.9992401891861026,
        0.9994163392636506,
        0.9993237704725157,
        0.9992964582021772,
        0.9993553496715594,
        0.9993691851276569,
        0.9993262065332212,
        0.9992880060760598,
        0.999381475770813,
        0.9993502548173061,
        0.9992854444981802
    ],
    "train_PCK_acc_list": [
        0.030432221581867085,
        0.3816553112242914,
        0.6763673057986108,
        0.7558530493814374,
        0.7933602030147494,
        0.8172424381612395,
        0.8340038326174037,
        0.8450731114030935,
        0.8561151240715947,
        0.8638171183777492,
        0.8700493151516824,
        0.8756048354635475,
        0.8804142827618093,
        0.884178624320105,
        0.8875160883759846,
        0.8908138592391446,
        0.8936813962270432,
        0.8961592653681407,
        0.8985081875777994,
        0.9006404959033378,
        0.9020127955876823,
        0.904333968580458,
        0.9056910921051725,
        0.9075757869309145,
        0.9091706183294158,
        0.9104620243883591,
        0.9118430237721552,
        0.9128294908545305,
        0.9136870417291639,
        0.9151843072370653,
        0.9187116031177024,
        0.919205397450841,
        0.9196171726058696,
        0.9197589925062957,
        0.9199119152869535,
        0.9201421446311455,
        0.9203042465051141,
        0.92053447662275,
        0.9206841380893906,
        0.920799745086843,
        0.9211255101923684,
        0.9211263372300521,
        0.9211480091205297,
        0.921250987780021,
        0.9211812946311021,
        0.92123674659362,
        0.921249167559508,
        0.9212063546871728,
        0.9212680982170252,
        0.9212697895312245
    ],
    "val_loss_list": [
        0.006221361804221358,
        0.004713942489339685,
        0.0024635773363086036,
        0.0021185514104685613,
        0.0019455894767971976,
        0.0017881420691858749,
        0.009785449249023685,
        0.0015627122080257656,
        0.0014460342321829984,
        0.001408004926099461,
        0.0013591481414053361,
        0.0013271322311377344,
        0.0013324005092133064,
        0.0012742263381844577,
        0.0012414602864039492,
        0.001212289065635782,
        0.0012128205670100846,
        0.0011918764529103528,
        0.0011671513381262062,
        0.0011473070182457415,
        0.0011346990110029523,
        0.001123822694976947,
        0.0011128460831122892,
        0.0011056667577228224,
        0.001155025702330987,
        0.0010692663939802774,
        0.001062125775734989,
        0.0010566898680539156,
        0.0010585293233660714,
        0.0010464919360392555,
        0.0010184696423155921,
        0.0010204084439450229,
        0.001017917544647519,
        0.0010260637209997796,
        0.001014911455140278,
        0.001012877146238271,
        0.0010180395913823527,
        0.0010126506883593998,
        0.001009240957898829,
        0.0010107055035115658,
        0.0010085889372062318,
        0.0010143327461175468,
        0.0010072735898975966,
        0.001009279874115422,
        0.0010071568152563153,
        0.0010099541869166555,
        0.0010124349957617114,
        0.0010171886967324025,
        0.0010057038515426065,
        0.0010104604432720464
    ],