{
    "train_loss_list": [
        0.00893651819365883,
        0.006189560965794887,
        0.00425467746582952,
        0.0031099566045269225,
        0.0025030560583316147,
        0.0022069019282595923,
        0.0020250320884458513,
        0.0018918767353397023,
        0.001790445447729734,
        0.0017072548491229196,
        0.0016438775834265664,
        0.0015859404545375975,
        0.0015400376582643553,
        0.0014974325713812385,
        0.001456539139038888,
        0.0014225132240280611,
        0.0013905627546285733,
        0.0013624122889343278,
        0.0013378348058667392,
        0.0013139887298390537,
        0.0012932451641676464,
        0.0012730720115263956,
        0.00125737256853056,
        0.0012408177498968186,
        0.0012200020937229738,
        0.0012096649692525992,
        0.0011908813301443446,
        0.0011830962696061536,
        0.0011683405760285178,
        0.0011577477743773845,
        0.001126192319213288,
        0.001120570424329154,
        0.0011179319031105733,
        0.001116081540857754,
        0.0011150111867574452,
        0.0011128587022784394,
        0.0011113549693959925,
        0.001109781281733138,
        0.0011087890544597618,
        0.0011069911461089603,
        0.0011048086313047664,
        0.0011041830077202952,
        0.0011040037595962512,
        0.001103771113856506,
        0.0011042529405604822,
        0.0011037657320014007,
        0.0011038615938837632,
        0.0011033780379308944,
        0.0011031305408785912,
        0.0011030934723075634
    ],
    "train_class_acc_list": [
        0.6682464906927067,
        0.9617504577357339,
        0.978957506866036,
        0.9855832316142814,
        0.989792493133964,
        0.9921936985047299,
        0.9934066981995728,
        0.9943145407384804,
        0.995056454073848,
        0.9957430576747025,
        0.9961206896551724,
        0.9964391974366799,
        0.9966718797680806,
        0.996919819957278,
        0.9971677601464755,
        0.9972745651510528,
        0.99761786695148,
        0.997717043027159,
        0.9978352914250839,
        0.9979134879462923,
        0.9980012206286237,
        0.9981385413487947,
        0.9980889533109552,
        0.9983101922490082,
        0.9985009154714678,
        0.9984227189502594,
        0.9986191638693928,
        0.9984398840402807,
        0.998594369850473,
        0.998622978333842,
        0.9991837046078731,
        0.9993496338114128,
        0.9993591699725358,
        0.9993572627403112,
        0.9993362831858407,
        0.9994087580103753,
        0.9994221086359475,
        0.9994297375648459,
        0.9994488098870918,
        0.9994564388159902,
        0.9994182941714983,
        0.9995155630149527,
        0.9994945834604821,
        0.9995022123893805,
        0.9995041196216051,
        0.999490768996033,
        0.999462160512664,
        0.9994659749771132,
        0.9994640677448886,
        0.9995289136405249
    ],
    "train_f1score_list": [
        0.5807385858518975,
        0.9398725706320719,
        0.966272311220845,
        0.9769890037281844,
        0.9836777660964865,
        0.9874281800205389,
        0.989415395331223,
        0.9909760442788946,
        0.9921120094308661,
        0.9931836834001422,
        0.9937139422986462,
        0.9942314000432416,
        0.9945501585683231,
        0.9950752317950362,
        0.9954016247199254,
        0.9956101012442602,
        0.9960570902197202,
        0.9962286972844899,
        0.996402813885663,
        0.9965492918704932,
        0.9968503746130787,
        0.9969910798039288,
        0.9968671841247287,
        0.9972186799286626,
        0.9974641602002463,
        0.9973858317360813,
        0.9977866427042885,
        0.9973444852525211,
        0.9976445735401664,
        0.9977849964888515,
        0.9986425173928938,
        0.9990025841593175,
        0.9989479522537084,
        0.9989190016480273,
        0.998872704638801,
        0.9989806916060129,
        0.9990409901543766,
        0.9990193151609859,
        0.9990486163490171,
        0.9990774737462697,
        0.9990743017803908,
        0.9992102513544631,
        0.9991246469111397,
        0.9992118060772738,
        0.9991752827392129,
        0.9991380750782083,
        0.9991246928256604,
        0.9991205550673149,
        0.9990977724080707,
        0.9991504911743446
    ],
    "train_PCK_acc_list": [
        0.018468114641908676,
        0.1300883937324391,
        0.4674815036382792,
        0.6421049830499904,
        0.7257593021248342,
        0.7632966757824288,
        0.7878433928452931,
        0.8053469159109529,
        0.8187757823041726,
        0.8292432251162092,
        0.8375836880583631,
        0.8445680823994721,
        0.8504740393316029,
        0.8557795050450058,
        0.8607203200402113,
        0.8649748599673354,
        0.868575351409513,
        0.8723047176122151,
        0.8751851812282513,
        0.8780947457049756,
        0.8804680611834008,
        0.883038672052901,
        0.884946269082135,
        0.8867962734025698,
        0.8891212058328148,
        0.8905789490421042,
        0.8926144494151655,
        0.8936793437757482,
        0.8952909294489138,
        0.896547749234531,
        0.8996215906215145,
        0.9001698632249299,
        0.9006129038306226,
        0.9007520350383639,
        0.900995736023872,
        0.9011305080760874,
        0.9012840532257712,
        0.9015565886827955,
        0.9016151228873858,
        0.9018381897067281,
        0.9021506048257404,
        0.9022166318496946,
        0.9022258265852754,
        0.9022662808188088,
        0.9021462955263594,
        0.9022231933835313,
        0.9022554509141059,
        0.9022753267091429,
        0.9022251010196394,
        0.9022570185101422
    ],
    "val_loss_list": [
        0.006808853485070321,
        0.005266682949981519,
        0.003910329450606083,
        0.002868332642757771,
        0.002359709495830597,
        0.002179311308724692,
        0.0019797733881301723,
        0.001963755014656606,
        0.0017329427890707644,
        0.0016693372993102792,
        0.0016255715068391695,
        0.0016461266620008616,
        0.0015319643420528392,
        0.0015128713409055252,
        0.001442045447397597,
        0.0014029580614605577,
        0.0013905252913032108,
        0.001361930179029551,
        0.0013366776513296882,
        0.001313451882594322,
        0.001309540516658857,
        0.0012755798277141032,
        0.0013025164790451526,
        0.0012442227232992193,
        0.0012371582894262914,
        0.0012159758526831864,
        0.0012038382448313035,
        0.001197126275688714,
        0.0011842352971529627,
        0.0011785701432797525,
        0.001151863305914995,
        0.0011504154011835249,
        0.0011468350082369787,
        0.001153423594481939,
        0.00114418856766341,
        0.0011432024349971694,
        0.0011429845534112989,
        0.001141743504166679,
        0.0011402411483304232,
        0.0011383138686342506,
        0.0011395064748975696,
        0.0011395775807584276,
        0.0011385213274850833,
        0.001139387784392706,
        0.0011377892919283892,
        0.0011372379311455451,
        0.0011373998862406125,
        0.001138144285152001,
        0.0011367681356413025,
        0.0011384631290898791
    ],