{
    "train_loss_list": [
        0.34002843058280696,
        0.03060084259436023,
        0.020301755923222038,
        0.015946186432412794,
        0.013176820203337509,
        0.01089720704856802,
        0.009237686165596056,
        0.008007418308951386,
        0.006984904877516349,
        0.006241580645284028,
        0.005949882484323627,
        0.00515006174991033,
        0.004571180849545874,
        0.00402582468518857,
        0.003813418402556181,
        0.0035574822092377056,
        0.0037390234527398068,
        0.003330143251731467,
        0.0013855401389701641,
        0.0009643625992503185,
        0.0008515580255827274,
        0.0006629890419353147,
        0.0005595128746824007,
        0.0005232048155643234,
        0.0004840670752018795,
        0.0004911460901945579,
        0.0004625933383695357,
        0.00044592233372338775,
        0.0004049769106501596,
        0.0004000710077467535
    ],
    "train_class_acc_list": [
        0.8960291425083918,
        0.9908281202319195,
        0.993877784559048,
        0.9952776930119012,
        0.9960176991150442,
        0.996759612450412,
        0.9972745651510528,
        0.9976140524870308,
        0.997947818126335,
        0.9981156545620995,
        0.9982052944766555,
        0.9984456057369545,
        0.9986267927982911,
        0.9987831858407079,
        0.9988499389685688,
        0.9988793648376966,
        0.9988690112908147,
        0.9989662801342691,
        0.9996357186451023,
        0.9997577815074763,
        0.9997787610619469,
        0.9998226274031126,
        0.9998474214220323,
        0.9998645865120537,
        0.9998779371376258,
        0.9998760299054013,
        0.9998855660665242,
        0.9998836588342996,
        0.9999027311565456,
        0.999910360085444
    ],
    "train_f1score_list": [
        0.865624340824301,
        0.9852041618265825,
        0.9901945865114057,
        0.9923781367822355,
        0.993619886709886,
        0.9948132071794826,
        0.995526394692334,
        0.9961487757299984,
        0.9966723005173197,
        0.9969697375384801,
        0.9970764717201364,
        0.9974700984534224,
        0.9977799199105929,
        0.9979871833221541,
        0.9981590074227695,
        0.9982004419845866,
        0.9981517621974202,
        0.9982625028473766,
        0.9994035505552616,
        0.9995744362048805,
        0.9996369488547945,
        0.9997189693942105,
        0.9997398452268991,
        0.9997568002271391,
        0.9997907141812975,
        0.9997780471374901,
        0.9998059773044138,
        0.9998130055889767,
        0.9998309257000084,
        0.9998608237049602
    ],
    "train_PCK_acc_list": [
        0.0,
        0.0,
        0.0,
        0.0,
        0.0,
        0.0,
        0.0,
        0.0,
        0.0,
        0.0,
        0.0,
        0.0,
        0.0,
        0.0,
        0.0,
        0.0,
        0.0,
        0.0,
        0.0,
        0.0,
        0.0,
        0.0,
        0.0,
        0.0,
        0.0,
        0.0,
        0.0,
        0.0,
        0.0,
        0.0
    ],
    "val_loss_list": [
        0.04356251269779097,
        0.02811161793163759,
        0.026066695265056165,
        0.019383905765764434,
        0.03379122871497852,
        0.01743768943077658,
        0.018815607739687,
        0.015871767821732014,
        0.028049466719276283,
        0.017699395298032237,
        0.013004100459021239,
        0.014371662086302923,
        0.022378729878730644,
        0.014129722655102064,
        0.022669022409554415,
        0.024050737213844018,
        0.012379602606360448,
        0.01807836141898313,
        0.0137300137505983,
        0.013516996885136558,
        0.017932836051150307,
        0.013185304359122694,
        0.013788694019085052,
        0.012353224579538961,
        0.013909897048582642,
        0.01587294876268899,
        0.012584990793409648,
        0.013529960024120845,
        0.012195197432930436,
        0.01232467632288295
    ],
    "val_class_acc_list": [
        0.9870918367346939,
        0.9917729591836735,
        0.9922448979591837,
        0.9944260204081633,
        0.9932015306122449,
        0.995344387755102,
        0.9948469387755102,
        0.9956632653061225,
        0.9939413265306123,
        0.9958035714285715,
        0.9963520408163266,
        0.9960331632653061,
        0.9960841836734694,
        0.9960969387755102,
        0.9953826530612245,
        0.9947831632653061,
        0.996951530612245,
        0.9958545918367347,
        0.9971938775510204,
        0.9970025510204081,
        0.9963647959183674,
        0.996875,
        0.9972321428571429,
        0.9973469387755102,
        0.9972576530612245,
        0.9967857142857143,
        0.9974617346938776,
        0.9970918367346939,
        0.9973214285714286,
        0.9974617346938776
    ],
    "val_f1score_list": [
        0.9824099292060988,
        0.9886953872476241,
        0.9888912306602117,
        0.9924046729922603,
        0.9907571415344824,
        0.9937318992984828,
        0.9928289778905391,
        0.9942840863541675,
        0.9921362820122139,
        0.9940430038469042,
        0.994669477998182,
        0.9944233910955667,
        0.9946919476271774,
        0.9946081172435876,
        0.9938618851773174,
        0.9933395448106281,
        0.9956772696825915,
        0.9942953670090563,
        0.9961816296555072,
        0.9959633361439456,
        0.9953809457622101,
        0.9958380195250414,
        0.9962129259091356,
        0.9964309185810118,
        0.9961079121953734,
        0.9956625015021338,
        0.9965034066602863,
        0.9960042620712908,
        0.9964492859228231,
        0.9964478342936597
    ],
    "val_PCK_acc_list": [
        0.0,
        0.0,
        0.0,
        0.0,
        0.0,
        0.0,
        0.0,
        0.0,
        0.0,
        0.0,
        0.0,
        0.0,
        0.0,
        0.0,
        0.0,
        0.0,
        0.0,
        0.0,
        0.0,
        0.0,
        0.0,
        0.0,
        0.0,
        0.0,
        0.0,
        0.0,
        0.0,
        0.0,
        0.0,
        0.0
    ]
}