{
    "train_loss_list": [
        0.47736140203979704,
        0.03541060604692707,
        0.02278923320436808,
        0.017313031319563858,
        0.014229414239220002,
        0.011907139187346287,
        0.01015722104990087,
        0.009201301367657169,
        0.011460279061858075,
        0.008780253574361832,
        0.00798935944659914,
        0.005560435166991972,
        0.005080637261172774,
        0.004309980229999609,
        0.004022266028364728,
        0.0036105241671419144,
        0.0037864729501616225,
        0.0036151012826880933,
        0.0032741898973465745,
        0.0032793050271674724,
        0.0024921935076550167,
        0.00267340919222125,
        0.0022558825970103104,
        0.0019636085218043406,
        0.0016857795134981985,
        0.0017864881085609802,
        0.0014535034952746137,
        0.0011007430720304501,
        0.0014554599677088628,
        0.0017460623494054979,
        0.0016829037173888544,
        0.0007509806288900007,
        0.0005830393126966797,
        0.00048575423398024693,
        0.00045725767412478256,
        0.0003273604182121782,
        0.00029834141832513694,
        0.00025223825838311846,
        0.00027073646371994796,
        0.00022948635915767907,
        0.0002472614228164465,
        0.00020240389565141686,
        0.00018298360051956705,
        0.000204639245022313,
        0.00021810377646060315,
        0.0002054601655427162,
        0.00021249440536308438,
        0.00017999190500409692,
        0.00018613817983953505,
        0.0001888459436844377
    ],
    "train_class_acc_list": [
        0.8572368564458748,
        0.9892985199877937,
        0.9932274183704608,
        0.9949172261214525,
        0.9959318736649374,
        0.9965784253890754,
        0.9970609551418981,
        0.9973775556911809,
        0.9965231156545621,
        0.9973146170277692,
        0.9976712694537687,
        0.9983483368935001,
        0.998485657613671,
        0.9987870003051571,
        0.9987717424473604,
        0.9989041588566163,
        0.998844217271895,
        0.9988671040585901,
        0.9989586512053708,
        0.9989910741531889,
        0.9992542722001831,
        0.999141745498932,
        0.9992332926457126,
        0.9993667989014342,
        0.9994678822093378,
        0.9994297375648459,
        0.9995384498016479,
        0.9996566981995728,
        0.9995308208727495,
        0.9994373664937443,
        0.9994850472993592,
        0.999782575526396,
        0.9998607720476045,
        0.9998664937442783,
        0.9998855660665242,
        0.9999275251754653,
        0.9999160817821178,
        0.9999465974977113,
        0.9999408758010375,
        0.9999465974977113,
        0.9999504119621605,
        0.9999618553555081,
        0.9999656698199573,
        0.9999523191943851,
        0.9999523191943851,
        0.9999599481232835,
        0.9999504119621605,
        0.9999580408910589,
        0.9999561336588343,
        0.9999599481232835
    ],
    "train_f1score_list": [
        0.8175556729761109,
        0.9828673816051907,
        0.9892235603204232,
        0.99177558662373,
        0.9934457855850465,
        0.9943878067197416,
        0.995311305931669,
        0.9957808247677844,
        0.9943118698944169,
        0.9956086616982324,
        0.9962787744782369,
        0.997365999311234,
        0.9976221432584484,
        0.9979473000448185,
        0.9980427977945091,
        0.9981586013175704,
        0.9981524439545001,
        0.9982061686674977,
        0.9983678512307465,
        0.9983049545669572,
        0.9987523877091332,
        0.9986105679613776,
        0.998670790930805,
        0.9989363197709747,
        0.9990943185400754,
        0.9990573086031972,
        0.9993023658565353,
        0.999411018108196,
        0.9992360273971828,
        0.9990906654105619,
        0.9991700768684166,
        0.9996640020051496,
        0.9997784395855476,
        0.9997634721972428,
        0.9998050923095777,
        0.9998712649476681,
        0.9998561048342584,
        0.9998901916909542,
        0.99988460455323,
        0.9999139560480483,
        0.9999224841794724,
        0.99993810702271,
        0.9999297072494758,
        0.9999158750468079,
        0.9999283633174622,
        0.9999338228130729,
        0.9999183635256057,
        0.999928160822738,
        0.9999269304846681,
        0.9999421176174677
    ],
    "train_PCK_acc_list": [
        0.0,
        0.0,
        0.0,
        0.0,
        0.0,
        0.0,
        0.0,
        0.0,
        0.0,
        0.0,
        0.0,
        0.0,
        0.0,
        0.0,
        0.0,
        0.0,
        0.0,
        0.0,
        0.0,
        0.0,
        0.0,
        0.0,
        0.0,
        0.0,
        0.0,
        0.0,
        0.0,
        0.0,
        0.0,
        0.0,
        0.0,
        0.0,
        0.0,
        0.0,
        0.0,
        0.0,
        0.0,
        0.0,
        0.0,
        0.0,
        0.0,
        0.0,
        0.0,
        0.0,
        0.0,
        0.0,
        0.0,
        0.0,
        0.0,
        0.0
    ],
    "val_loss_list": [
        1.7055958769482689,
        0.2696176569155484,
        0.5886231256591878,
        0.9616877983693303,
        0.0994269902065571,
        0.2668061755327991,
        0.5925739952814526,
        0.8397240507880144,
        0.5564696475483933,
        0.09702446776290474,
        0.5149064909206215,
        0.1723219805613579,
        0.2816828936354845,
        0.3492855578841531,
        0.3091331998814653,
        0.7652493805518927,
        0.15630735063800538,
        0.28276826971502633,
        0.10908898205314414,
        0.17268583809004742,
        0.148249279776147,
        0.46337513955134846,
        0.8010879644833124,
        0.0841200214840792,
        0.3303597326034512,
        0.1701638150521855,
        0.2107777040299076,
        0.791099125550488,
        0.049913848963262,
        0.07801154086043843,
        0.09591736972204233,
        0.17623072121949623,
        0.16421246794743855,
        0.6395232244172877,
        0.3359623796851508,
        0.15897695303178877,
        0.23027829852762843,
        0.32182076687804634,
        0.29731597653538133,
        0.5846291223631372,
        0.35183783145600034,
        0.129662604026828,
        0.16807052949798754,
        0.17402273092808906,
        0.10458225713810147,
        0.13244573285790565,
        0.29528592138318743,
        0.2328483452988869,
        0.32070210356277246,
        0.18848080410000675
    ],
    "val_class_acc_list": [
        0.9747704081632653,
        0.9834438775510204,
        0.9834183673469388,
        0.9810841836734694,
        0.9902295918367346,
        0.9893877551020408,
        0.9869260204081632,
        0.9821428571428571,
        0.985,
        0.9928571428571429,
        0.9848469387755102,
        0.9917091836734694,
        0.9911352040816327,
        0.9889795918367347,
        0.9880102040816326,
        0.9862372448979592,
        0.9907015306122449,
        0.9895535714285715,
        0.9935586734693878,
        0.9933673469387755,
        0.992780612244898,
        0.9902168367346939,
        0.9873979591836735,
        0.9937372448979592,
        0.9904591836734694,
        0.9911607142857143,
        0.9911862244897959,
        0.9849617346938776,
        0.9947831632653061,
        0.9927551020408163,
        0.9945535714285715,
        0.9929464285714286,
        0.9938265306122449,
        0.9859821428571428,
        0.9908163265306122,
        0.993890306122449,
        0.9931122448979591,
        0.991938775510204,
        0.992219387755102,
        0.9891198979591836,
        0.9911734693877551,
        0.9942729591836734,
        0.9945918367346939,
        0.9940051020408164,
        0.9951147959183674,
        0.9945025510204082,
        0.9918877551020409,
        0.9928188775510204,
        0.9913010204081633,
        0.9931377551020408
    ],