{
    "train_loss_list": [
        0.009031934019315705,
        0.00489700834997519,
        0.0029485464141186047,
        0.0023513512548413336,
        0.0020470874650767063,
        0.0018534416882767433,
        0.0017180513864258622,
        0.0016104017990868087,
        0.0015286361898113978,
        0.0014585319580815773,
        0.0014074890215160438,
        0.0013622824244846601,
        0.0013212601212407515,
        0.0012852658792018043,
        0.0012557887875278607,
        0.0012274261475452596,
        0.0012038701632451454,
        0.0011820029936842268,
        0.0011619300161432083,
        0.0011452865895023982,
        0.0011268211507024161,
        0.0011102894428156277,
        0.0010948145672136694,
        0.0010797016175184144,
        0.0010694021620478754,
        0.001056275644002418,
        0.0010410273264181852,
        0.0010339964514941848,
        0.001021857244723673,
        0.0010136498389612153,
        0.0009789128913183184,
        0.0009730183102892753,
        0.0009701778281219747,
        0.0009684751658637314,
        0.0009673020996226962,
        0.0009652801525002066,
        0.0009638677301051008,
        0.0009619096058657006,
        0.0009611137568881592,
        0.0009598791840878993,
        0.0009564642012845424,
        0.0009560361742127976,
        0.0009560791335500911,
        0.0009554147520064904,
        0.0009559769735703979,
        0.0009554259580256503,
        0.0009552766665231424,
        0.0009548747761050414,
        0.0009547378820438776,
        0.0009546611156740342
    ],
    "train_class_acc_list": [
        0.6379803500598911,
        0.9575717119316448,
        0.9831515105279219,
        0.9897676991150443,
        0.9926171040585902,
        0.994367943240769,
        0.995155630149527,
        0.9958975434848947,
        0.996391516631065,
        0.996900747635032,
        0.9971342473521915,
        0.997297451937748,
        0.9976693622215441,
        0.9978200335672871,
        0.997966890448581,
        0.9981766859932866,
        0.9982529752822704,
        0.998315913945682,
        0.9984112755569118,
        0.9984646780592005,
        0.9985772047604516,
        0.9986554012816601,
        0.9987717424473604,
        0.9988594751296918,
        0.998853753433018,
        0.998863289594141,
        0.9990444766554776,
        0.9989967958498627,
        0.9990807140677449,
        0.9990654562099481,
        0.9994545315837656,
        0.999561336588343,
        0.9996261824839793,
        0.9996338114128777,
        0.9995746872139152,
        0.9996032956972841,
        0.9996357186451023,
        0.9996757705218188,
        0.9996471620384498,
        0.9996547909673482,
        0.999679584986268,
        0.9997234513274337,
        0.9996814922184926,
        0.9997177296307599,
        0.9997024717729631,
        0.9997005645407385,
        0.9996948428440647,
        0.9996929356118401,
        0.9996948428440647,
        0.9996738632895942
    ],
    "train_f1score_list": [
        0.547697051275795,
        0.9338146458579517,
        0.9733826831113541,
        0.983854019205862,
        0.9882748897721194,
        0.991010728258556,
        0.992119470967082,
        0.9935077842724788,
        0.9942133729784918,
        0.9951213619075214,
        0.9954665769101759,
        0.9956645215766975,
        0.9962520011198317,
        0.9964659823432913,
        0.9967015126255694,
        0.9971061820324109,
        0.9971042203188908,
        0.9971793641132154,
        0.997344692240691,
        0.9973827583980508,
        0.9976416038858588,
        0.9978053613133848,
        0.9979951498396014,
        0.9980095153979269,
        0.9980525126295618,
        0.9981021654322764,
        0.9984317817726829,
        0.9982974270435636,
        0.9984947605504092,
        0.9985068038346524,
        0.999116591804466,
        0.9993223409886614,
        0.9993895081364422,
        0.9993644997796582,
        0.9992518717562114,
        0.9993313477007151,
        0.999423748235349,
        0.9994415779987875,
        0.9994229570607442,
        0.9994188973436977,
        0.9994951794113056,
        0.9995286952214955,
        0.999476049478956,
        0.9995355948236225,
        0.9994989630561834,
        0.9994984337354781,
        0.9995088998128263,
        0.9994594887834766,
        0.9995315253322934,
        0.9994303579218389
    ],
    "train_PCK_acc_list": [
        0.0336333883113587,
        0.3868758118593133,
        0.6546770874872376,
        0.7344842311680425,
        0.776435839058246,
        0.8028701218885141,
        0.8214940961812698,
        0.8358330019613406,
        0.84656966667129,
        0.8554779829204486,
        0.8623123213507567,
        0.8682386781455644,
        0.8733869484343916,
        0.8778876407851385,
        0.8816576550979173,
        0.8852220784928784,
        0.8881637872065057,
        0.8909352430512872,
        0.8932849154180839,
        0.8954933890925006,
        0.8978522713546718,
        0.8999394805410514,
        0.9016907353476467,
        0.9035658501548086,
        0.904861775393022,
        0.9064936909829545,
        0.9082637473932202,
        0.9092060377009062,
        0.9106102793577713,
        0.911614004026893,
        0.9156662272547378,
        0.91620263508662,
        0.916652571066758,
        0.9168100792556738,
        0.9171148604439836,
        0.9172299089793975,
        0.9173478990816024,
        0.9177126897856464,
        0.9178334255565302,
        0.9179456221781863,
        0.918431101529897,
        0.9184927841682475,
        0.9184830620659777,
        0.9185783282859479,
        0.9184884670868088,
        0.9185343744699721,
        0.9184859303252491,
        0.9185962522792207,
        0.9186344535843854,
        0.9186152111264922
    ],
    "val_loss_list": [
        0.006382312993994173,
        0.003561268060525157,
        0.00835036132959839,
        0.01416151660285434,
        0.007071901669972861,
        0.011086163440320108,
        0.007122037789157155,
        0.0018546581293969434,
        0.0017393176330785666,
        0.0022111508544363384,
        0.002639030340811884,
        0.002598600250440745,
        0.0019098240033514342,
        0.001411819970710393,
        0.0023398148899954952,
        0.0017475021481799075,
        0.0012895347846538893,
        0.0015318794023454646,
        0.0012646547567612511,
        0.0012338634354195424,
        0.0016000209168569013,
        0.001205398456041454,
        0.0014118264552338848,
        0.0012331640166325533,
        0.0013896367962624194,
        0.0011366821923388206,
        0.0012333925854300662,
        0.0011557702120507554,
        0.0012058033749024022,
        0.001418904676339684,
        0.001252856474816419,
        0.001514213472386176,
        0.0012200511161865172,
        0.0019862571440884195,
        0.00115580427788236,
        0.0012828736831148972,
        0.0015139438190060308,
        0.0010551756340535167,
        0.0011437409826345285,
        0.001157311673884337,
        0.0011431347992157145,
        0.001552236144744544,
        0.0010999095236065284,
        0.0013068204042406715,
        0.0010832069888330844,
        0.001177799229234533,
        0.0015567969827323543,
        0.001825824605481585,
        0.0010825062781211216,
        0.0015789882494231724
    ],